tau,delta,c_cong,c_free,v_thr,v_delta,RMSE,seed
9.269999504089355,0.08999999612569809,12.25999927520752,-50.39999771118164,49.56999969482422,10.109999656677246,8.58294677734375,1
9.269999504089355,0.08999999612569809,12.25999927520752,-50.39999771118164,49.56999969482422,10.109999656677246,8.58294677734375,2
9.269999504089355,0.08999999612569809,12.25999927520752,-50.39999771118164,49.56999969482422,10.109999656677246,8.58294677734375,3
9.269999504089355,0.08999999612569809,12.25999927520752,-50.39999771118164,49.56999969482422,10.109999656677246,8.58294677734375,4
9.269999504089355,0.08999999612569809,12.25999927520752,-50.39999771118164,49.56999969482422,10.109999656677246,8.58294677734375,5
9.269999504089355,0.08999999612569809,12.25999927520752,-50.39999771118164,49.56999969482422,10.109999656677246,8.58294677734375,6
9.269999504089355,0.08999999612569809,12.25999927520752,-50.39999771118164,49.56999969482422,10.109999656677246,8.58294677734375,7
9.269999504089355,0.08999999612569809,12.25999927520752,-50.39999771118164,49.56999969482422,10.109999656677246,8.58294677734375,8
9.269999504089355,0.08999999612569809,12.25999927520752,-50.39999771118164,49.56999969482422,10.109999656677246,8.58294677734375,9
